,Job Title,Company,Location
0,SOFTWARE APPLICATION DEVELOPER/ANALYST III,Swift Transportation,"Phoenix, AZ"
1,Full Stack Developer,Fidelity TalentSource,"DURHAM, NC"
2,ISERIES DEVELOPER,Knight Transportation,"Phoenix, AZ"
3,Salesforce Developer - with Salesforce Platform Developer cert,CyberCoders,"Norwalk, CT"
4,ServiceNow Developer,iSpace Inc.,"Malvern, PA"
5,.Net Developer,Fusco Personnel Inc.,"Albany, NY"
6,C# Developer (Location: Remote initially),Advantage Resourcing,"Chandler, AZ"
7,"React-Native Mobile Applications Developer, Senior in Plantation, FL",OSI Engineering,"plantation, FL"
8,Full Stack Developer,Open Systems Technologies,"Jersey City, NJ"
9,Sr. Java Developer with TOP SECRET CLEARANCE REQ,Our Client,"Fort Meade, MD"
10,.Net Developer,Company Confidential,"Chevy Chase, MD"
11,Software Developer,Kratos Defense & Security Solutions,"Orlando, FL"
12,Application Developer,RTUI,"Houston, TX"
13,"Sr. Full Stack Developer - React.js, Node.js, MySQL","iSpace, Inc.",
14,Linux C/C++ Lead/Developer,Tech Mahindra Limited,"Renton, WA"
15,Sr. System Engineer â€“ GIS Application Developer,Credence Management Solutions,"Tysons Corner, VA"
16,Software Developer and Software Developer Quality Analyst,Kanor Systems Inc,"Centreville, VA"
17,BI Developer/Architect,Equinox IT Solutions,"Charlotte, NC"
18,LAMP Developer,Applied Resource Group,"Atlanta, GA"
19,"Sr Full Stack Developer (AEM, Java, Angular, Typescript)",EpsilonTek Inc.,"Baltimore, MD"
20,RPG Developer,iVantage Group,"Detroit, MI"
21,Senior Software Engineer/Developer,"Health Research, Inc.","Albany, NY"
22,Lead Java Fullstack Developer,RWaltz Software Services Group Inc,"New york, GA"
23,Senior AWS Developer,RapidIT,"Baltimore, MD"
24,"VB.NET, ASP.NET Developer",Omega Solutions Inc.,"Columbia, SC"
